Code INS,Type d'entité,Entité administrative,Total population,Nombre d'hommes,Nombre de femmes,Part d'hommes,Part de femmes,Hommes de 0-17 ans,Hommes de 18-24 ans,Hommes de 25-49 ans,Hommes de 50-64 ans,Hommes de 65 ans +,Femmes de 0-17 ans,Femmes de 18-24 ans,Femmes de 25-49 ans,Femmes de 50-64 ans,Femmes de 65 ans +
3000,Région,Wallonie,3704990,1814858,1890132,48.98,51.02,376599,161595,583286,366526,326852,359663,154659,581583,372466,421761
20002,Province,Brabant Wallon,415381,201342,214039,48.47,51.53,41341,18667,61979,41116,38239,39871,17580,63881,43167,49540
25000,Arrondissement,Nivelles,415381,201342,214039,48.47,51.53,41341,18667,61979,41116,38239,39871,17580,63881,43167,49540
25005,Commune,Beauvechain,7242,3570,3672,49.3,50.7,751,323,1016,804,676,714,308,1055,780,815
25014,Commune,Braine-l'Alleud,40756,19554,21202,47.98,52.02,3854,1820,6002,4034,3844,3774,1712,6290,4336,5090
25015,Commune,Braine-le-Château,10638,5215,5423,49.02,50.98,1073,440,1598,1137,967,1066,443,1588,1147,1179
25018,Commune,Chaumont-Gistoux,11894,5808,6086,48.83,51.17,1095,539,1629,1343,1202,1141,504,1701,1382,1358
25023,Commune,Court-Saint-Étienne,10927,5366,5561,49.11,50.89,1121,530,1679,1119,917,1055,469,1691,1158,1188
25031,Commune,Genappe,16160,7972,8188,49.33,50.67,1749,695,2518,1612,1398,1643,648,2576,1691,1630
25037,Commune,Grez-Doiceau,14014,6830,7184,48.74,51.26,1415,593,2012,1423,1387,1390,564,2097,1498,1635
25043,Commune,Incourt,5658,2805,2853,49.58,50.42,623,225,860,623,474,577,224,897,601,554
25044,Commune,Ittre,6963,3398,3565,48.8,51.2,736,267,1023,736,636,660,290,1065,732,818
25048,Commune,Jodoigne,14935,7269,7666,48.67,51.33,1565,665,2285,1491,1263,1477,595,2336,1545,1713
25050,Commune,La Hulpe,7482,3592,3890,48.01,51.99,742,330,977,771,772,670,318,1035,829,1038
25068,Commune,Mont-Saint-Guibert,8451,4149,4302,49.09,50.91,875,397,1437,784,656,822,375,1418,831,856
25072,Commune,Nivelles,29429,13996,15433,47.56,52.44,2672,1166,4690,2708,2760,2658,1156,4833,2882,3904
25084,Commune,Perwez,9844,4757,5087,48.32,51.68,976,431,1594,934,822,1024,375,1619,1005,1064
25091,Commune,Rixensart,23052,11017,12035,47.79,52.21,2335,1013,3058,2248,2363,2175,989,3278,2465,3128
25105,Commune,Tubize,28716,13959,14757,48.61,51.39,3133,1251,4416,2860,2299,3116,1188,4677,2782,2994
25107,Commune,Villers-la-Ville,11059,5478,5581,49.53,50.47,1199,469,1716,1143,951,1129,437,1783,1104,1128
25110,Commune,Waterloo,30389,14373,16016,47.3,52.7,2949,1348,3901,2986,3189,2785,1269,4265,3243,4454
25112,Commune,Wavre,35581,17198,18383,48.33,51.67,3401,1666,5333,3355,3443,3231,1440,5364,3680,4668
25117,Commune,Chastre,7813,3817,3996,48.85,51.15,839,363,1164,763,688,842,322,1207,813,812
25118,Commune,Hélécine,3894,1946,1948,49.97,50.03,430,174,646,388,308,416,158,647,380,347
25119,Commune,Lasne,14175,6888,7287,48.59,51.41,1304,678,1672,1638,1596,1240,675,1854,1718,1800
25120,Commune,Orp-Jauche,9092,4474,4618,49.21,50.79,974,366,1426,925,783,898,387,1401,997,935
25121,Commune,Ottignies-Louvain-la-Neuve,31766,15336,16430,48.28,51.72,2743,1743,5380,2704,2766,2657,1726,5169,3000,3878
25122,Commune,Ramillies,6710,3343,3367,49.82,50.18,741,275,1066,699,562,693,277,1055,672,670
25123,Commune,Rebecq,11185,5507,5678,49.24,50.76,1224,502,1698,1129,954,1207,399,1746,1157,1169
25124,Commune,Walhain,7556,3725,3831,49.3,50.7,822,398,1183,759,563,811,332,1234,739,715
50000,Province,Hainaut,1365328,666864,698464,48.84,51.16,139971,59554,215226,135139,116974,133355,56684,213078,137612,157735
51000,Arrondissement,Ath,130759,64280,66479,49.16,50.84,12799,5573,20402,13888,11618,12231,5250,20036,13880,15082
51004,Commune,Ath,30123,14582,15541,48.41,51.59,2735,1364,4634,3076,2773,2531,1296,4552,3348,3814
51008,Commune,Belœil,14232,7031,7201,49.4,50.6,1426,549,2371,1513,1172,1295,585,2364,1432,1525
51009,Commune,Bernissart,11894,5841,6053,49.11,50.89,1167,483,1930,1246,1015,1127,432,1941,1258,1295
51012,Commune,Brugelette,3878,1911,1967,49.28,50.72,450,178,642,366,275,402,135,701,368,361
51014,Commune,Chièvres,7145,3558,3587,49.8,50.2,787,303,1145,754,569,728,273,1129,752,705
51017,Commune,Ellezelles,5948,2988,2960,50.24,49.76,603,230,884,657,614,535,213,832,646,734
51019,Commune,Flobecq,3441,1737,1704,50.48,49.52,353,145,500,374,365,297,109,498,375,425
51065,Commune,Frasnes-lez-Anvaing,12256,6045,6211,49.32,50.68,1201,462,1921,1355,1106,1239,465,1826,1246,1435
51067,Commune,Enghien,14567,7103,7464,48.76,51.24,1452,675,2219,1511,1246,1412,625,2261,1507,1659
51068,Commune,Silly,8422,4185,4237,49.69,50.31,786,399,1204,947,849,767,355,1118,973,1024
51069,Commune,Lessines,18853,9299,9554,49.32,50.68,1839,785,2952,2089,1634,1898,762,2814,1975,2105
52000,Arrondissement,Charleroi,401979,196084,205895,48.78,51.22,43165,17742,63808,38255,33114,41378,16898,63298,39607,44714
52010,Commune,Chapelle-lez-Herlaimont,15030,7254,7776,48.26,51.74,1498,641,2377,1471,1267,1418,542,2447,1576,1793
52011,Commune,Charleroi,205763,101293,104470,49.23,50.77,23182,9484,33591,19369,15667,22146,9096,32413,19252,21563
52012,Commune,Châtelet,35979,17336,18643,48.18,51.82,3767,1626,5425,3475,3043,3723,1493,5584,3645,4198
52015,Commune,Courcelles,31436,15279,16157,48.6,51.4,3304,1335,5104,2937,2599,3201,1265,5044,3237,3410
52018,Commune,Farciennes,11471,5579,5892,48.64,51.36,1367,533,1867,950,862,1383,496,1853,1039,1121
52021,Commune,Fleurus,22922,11083,11839,48.35,51.65,2315,950,3483,2256,2079,2190,937,3635,2412,2665
52022,Commune,Fontaine-l'Évêque,17985,8688,9297,48.31,51.69,1872,753,2798,1741,1524,1715,713,2887,1898,2084
52025,Commune,Gerpinnes,12900,6168,6732,47.81,52.19,1085,489,1750,1304,1540,1048,478,1800,1442,1964
52048,Commune,Montigny-le-Tilleul,10170,4763,5407,46.83,53.17,833,400,1387,1027,1116,905,342,1491,1127,1542
52055,Commune,Pont-à-Celles,17662,8620,9042,48.81,51.19,1843,698,2793,1703,1583,1734,704,2885,1786,1933
52074,Commune,Aiseau-Presles,10956,5310,5646,48.47,51.53,1133,442,1731,1062,942,1044,475,1742,1160,1225
52075,Commune,Les Bons Villers,9705,4711,4994,48.54,51.46,966,391,1502,960,892,871,357,1517,1033,1216
53000,Arrondissement,Mons,261825,127136,134689,48.56,51.44,26323,11311,42341,25503,21658,25211,11034,41827,26061,30556
53014,Commune,Boussu,20401,9777,10624,47.92,52.08,2095,903,3222,1874,1683,2057,824,3249,2090,2404
53020,Commune,Dour,16559,8044,8515,48.58,51.42,1678,714,2609,1605,1438,1634,686,2616,1650,1929
53028,Commune,Frameries,21630,10288,11342,47.56,52.44,2251,973,3225,2067,1772,2137,883,3407,2221,2694
53039,Commune,Hensies,6776,3238,3538,47.79,52.21,620,283,1030,693,612,640,282,1063,737,816
53044,Commune,Jurbise,10912,5348,5564,49.01,50.99,1108,406,1667,1195,972,1032,424,1711,1200,1197
53046,Commune,Lens,4677,2264,2413,48.41,51.59,486,200,760,448,370,503,190,786,466,468
53053,Commune,Mons,97120,47622,49498,49.03,50.97,9534,4284,16791,9376,7637,8906,4344,15917,9217,11114
53065,Commune,Quaregnon,19022,9135,9887,48.02,51.98,1994,815,2944,1806,1576,1941,782,2962,1954,2248
53068,Commune,Quiévrain,6861,3347,3514,48.78,51.22,712,283,1090,692,570,667,287,1056,699,805
53070,Commune,Saint-Ghislain,23756,11489,12267,48.36,51.64,2226,936,3680,2399,2248,2097,892,3649,2472,3157
53082,Commune,Colfontaine,20813,10064,10749,48.35,51.65,2376,975,3311,1809,1593,2410,896,3364,1896,2183
53083,Commune,Honnelles,5104,2514,2590,49.26,50.74,476,192,764,594,488,443,203,773,594,577
53084,Commune,Quévy,8194,4006,4188,48.89,51.11,767,347,1248,945,699,744,341,1274,865,964
55000,Arrondissement,Soignies,109017,53326,55691,48.92,51.08,11380,4763,16904,11125,9154,10663,4483,17481,11038,12026
55004,Commune,Braine-Le-Comte,23604,11530,12074,48.85,51.15,2484,1040,3584,2426,1996,2349,1024,3757,2452,2492
55035,Commune,Le Rœulx,8709,4306,4403,49.44,50.56,829,393,1380,891,813,791,324,1343,885,1060
55040,Commune,Soignies,29249,14205,15044,48.57,51.43,2975,1295,4464,3045,2426,2738,1211,4701,3033,3361
55050,Commune,Écaussinnes,11622,5733,5889,49.33,50.67,1281,490,1879,1152,931,1142,458,1961,1125,1203
55085,Commune,Seneffe,11631,5632,5999,48.42,51.58,1145,441,1783,1234,1029,1159,473,1832,1199,1336
55086,Commune,Manage,24202,11920,12282,49.25,50.75,2666,1104,3814,2377,1959,2484,993,3887,2344,2574
56000,Arrondissement,Thuin,92646,45597,47049,49.22,50.78,8975,3969,13919,9631,9103,8572,3649,13626,9666,11536
56001,Commune,Anderlues,12955,6422,6533,49.57,50.43,1354,523,2222,1240,1083,1296,496,2115,1200,1426
56005,Commune,Beaumont,7096,3503,3593,49.37,50.63,660,347,1075,765,656,649,300,1043,749,852
56016,Commune,Chimay,9673,4840,4833,50.04,49.96,1003,448,1354,1007,1028,855,396,1270,1041,1271
56022,Commune,Erquelinnes,9983,4914,5069,49.22,50.78,1028,466,1553,1051,816,979,409,1519,1012,1150
56029,Commune,Froidchapelle,4067,2033,2034,49.99,50.01,385,154,615,477,402,321,163,602,444,504
56044,Commune,Lobbes,5958,2910,3048,48.84,51.16,506,262,905,639,598,539,246,892,664,707
56049,Commune,Merbes-le-Château,4137,2074,2063,50.13,49.87,452,170,645,441,366,400,156,632,425,450
56051,Commune,Momignies,5213,2574,2639,49.38,50.62,558,245,760,534,477,557,223,737,516,606
56078,Commune,Thuin,14864,7239,7625,48.7,51.3,1341,598,2115,1553,1632,1260,557,2137,1598,2073
56086,Commune,Ham-sur-Heure-Nalinnes,13838,6675,7163,48.24,51.76,1225,533,1938,1427,1552,1222,526,1989,1509,1917
56088,Commune,Sivry-Rance,4862,2413,2449,49.63,50.37,463,223,737,497,493,494,177,690,508,580
57000,Arrondissement,Tournai-Mouscron,226584,111271,115313,49.11,50.89,22654,10131,35616,22840,20030,21599,9520,34661,22595,26938
57003,Commune,Antoing,7538,3700,3838,49.08,50.92,757,345,1172,781,645,701,297,1168,809,863
57018,Commune,Celles,5775,2880,2895,49.87,50.13,550,272,898,636,524,544,232,860,596,663
57027,Commune,Estaimpuis,10878,5365,5513,49.32,50.68,1222,475,1681,1112,875,1127,420,1755,1079,1132
57062,Commune,Pecq,5899,2866,3033,48.58,51.42,565,271,901,600,529,588,248,940,609,648
57064,Commune,Péruwelz,17350,8486,8864,48.91,51.09,1708,791,2758,1752,1477,1673,737,2711,1759,1984
57072,Commune,Rumes,5345,2654,2691,49.65,50.35,539,216,829,557,513,507,190,833,533,628
57081,Commune,Tournai,68991,34065,34926,49.38,50.62,6118,3110,11194,7101,6542,5689,2947,10214,7141,8935
57093,Commune,Brunehaut,8129,4049,4080,49.81,50.19,862,339,1276,885,687,783,303,1322,781,891
57094,Commune,Leuze-en-Hainaut,14200,6893,7307,48.54,51.46,1336,618,2220,1485,1234,1332,603,2203,1505,1664
57095,Commune,Mont-de-l'Enclus,3838,1956,1882,50.96,49.04,389,173,589,448,357,362,159,565,426,370
57096,Commune,Mouscron,60304,29405,30899,48.76,51.24,6736,2736,9297,5658,4978,6444,2656,9391,5520,6888
57097,Commune,Comines-Warneton,18337,8952,9385,48.82,51.18,1872,785,2801,1825,1669,1849,728,2699,1837,2272
58000,Arrondissement,La Louvière,142518,69170,73348,48.53,51.47,14675,6065,22236,13897,12297,13701,5850,22149,14765,16883
58001,Commune,La Louvière,81674,39827,41847,48.76,51.24,8695,3597,12790,7874,6871,8081,3394,12610,8417,9345
58002,Commune,Binche,33784,16176,17608,47.88,52.12,3252,1345,5220,3343,3016,3137,1342,5373,3505,4251
58003,Commune,Estinnes,7947,3908,4039,49.18,50.82,781,349,1236,846,696,758,339,1230,823,889
58004,Commune,Morlanwelz,19113,9259,9854,48.44,51.56,1947,774,2990,1834,1714,1725,775,2936,2020,2398
60000,Province,Liège,1122925,550739,572186,49.05,50.95,114278,47871,177523,110168,100899,109466,46622,178013,111325,126760
61000,Arrondissement,Huy,116245,57194,59051,49.2,50.8,11737,4931,18387,11842,10297,11183,4781,18350,12050,12687
61003,Commune,Amay,14494,7133,7361,49.21,50.79,1529,614,2315,1410,1265,1440,574,2340,1448,1559
61010,Commune,Burdinne,3334,1666,1668,49.97,50.03,368,127,560,380,231,361,124,542,357,284
61012,Commune,Clavier,4989,2490,2499,49.91,50.09,523,213,828,517,409,518,212,799,471,499
61019,Commune,Ferrières,5156,2614,2542,50.7,49.3,546,203,791,546,528,483,178,766,539,576
61024,Commune,Hamoir,3776,1865,1911,49.39,50.61,345,184,537,411,388,318,136,558,432,467
61028,Commune,Héron,5599,2777,2822,49.6,50.4,668,199,998,530,382,652,215,1007,519,429
61031,Commune,Huy,21850,10563,11287,48.34,51.66,1982,998,3491,2129,1963,1924,991,3297,2254,2821
61039,Commune,Marchin,5636,2789,2847,49.49,50.51,593,230,900,583,483,572,257,934,555,529
61041,Commune,Modave,4169,2074,2095,49.75,50.25,422,161,661,436,394,379,161,691,455,409
61043,Commune,Nandrin,5755,2798,2957,48.62,51.38,508,204,781,658,647,474,228,790,703,762
61048,Commune,Ouffet,2822,1389,1433,49.22,50.78,277,121,426,292,273,288,102,447,298,298
61063,Commune,Verlaine,4414,2191,2223,49.64,50.36,452,201,696,446,396,444,180,717,465,417
61068,Commune,Villers-le-Bouillet,6869,3381,3488,49.22,50.78,740,287,1140,704,510,752,255,1170,682,629
61072,Commune,Wanze,14005,6850,7155,48.91,51.09,1380,640,2105,1429,1296,1308,595,2088,1520,1644
61079,Commune,Anthisnes,4204,2080,2124,49.48,50.52,406,154,651,461,408,376,171,640,457,480
61080,Commune,Engis,6391,3180,3211,49.76,50.24,719,272,1114,601,474,639,279,1119,630,544
61081,Commune,Tinlot,2782,1354,1428,48.67,51.33,279,123,393,309,250,255,123,445,265,340
62000,Arrondissement,Liège,631023,308349,322674,48.86,51.14,63982,27000,102161,59566,55640,61390,26562,102625,60293,71804
62003,Commune,Ans,29110,13964,15146,47.97,52.03,3168,1207,4327,2597,2665,2935,1173,4536,2822,3680
62006,Commune,Awans,9373,4541,4832,48.45,51.55,900,380,1390,866,1005,827,337,1446,942,1280
62009,Commune,Aywaille,12969,6408,6561,49.41,50.59,1237,568,2071,1285,1247,1192,493,2069,1330,1477
62011,Commune,Bassenge,9053,4472,4581,49.4,50.6,884,370,1459,913,846,852,342,1469,911,1007
62015,Commune,Beyne-Heusay,11977,5806,6171,48.48,51.52,1269,511,1799,1129,1098,1162,499,1944,1215,1351
62022,Commune,Chaudfontaine,20523,9840,10683,47.95,52.05,1756,839,2787,1990,2468,1722,768,2856,2130,3207
62026,Commune,Comblain-au-Pont,5366,2599,2767,48.43,51.57,549,242,765,547,496,533,238,828,551,617
62027,Commune,Dalhem,7711,3769,3942,48.88,51.12,759,269,1204,798,739,792,307,1278,776,789
62032,Commune,Esneux,12794,6212,6582,48.55,51.45,1091,492,1898,1252,1479,1074,499,1897,1346,1766
62038,Commune,Fléron,16374,7682,8692,46.92,53.08,1448,675,2215,1586,1758,1480,644,2337,1753,2478
62051,Commune,Herstal,40834,19791,21043,48.47,51.53,4582,1760,6310,3806,3333,4466,1731,6551,3918,4377
62060,Commune,Juprelle,9906,4889,5017,49.35,50.65,966,392,1502,1026,1003,926,418,1518,1030,1125
62063,Commune,Liège,197323,98008,99315,49.67,50.33,19130,8856,36853,17912,15257,18328,9105,34633,16935,20314
62079,Commune,Oupeye,25846,12558,13288,48.59,51.41,2584,1016,3880,2509,2569,2493,1026,3902,2638,3229
62093,Commune,Saint-Nicolas,24517,11747,12770,47.91,52.09,2846,1019,3754,2134,1994,2812,955,4163,2221,2619
62096,Commune,Seraing,64609,31376,33233,48.56,51.44,7334,2899,9925,6021,5197,6920,2750,10267,6315,6981
62099,Commune,Soumagne,17265,8404,8861,48.68,51.32,1595,819,2635,1727,1628,1638,736,2706,1766,2015
62100,Commune,Sprimont,15171,7371,7800,48.59,51.41,1453,611,2315,1547,1445,1442,593,2412,1574,1779
62108,Commune,Visé,18110,8782,9328,48.49,51.51,1860,749,2636,1768,1769,1676,775,2809,1857,2211
62118,Commune,Grâce-Hollogne,23416,11550,11866,49.33,50.67,2701,983,3616,2254,1996,2434,893,3751,2267,2521
62119,Commune,Blegny,13579,6636,6943,48.87,51.13,1258,578,2008,1405,1387,1208,578,2047,1432,1678
62120,Commune,Flémalle,27045,13063,13982,48.3,51.7,2934,1074,4145,2600,2310,2787,1034,4443,2674,3044
62121,Commune,Neupré,9952,4826,5126,48.49,51.51,839,363,1335,1053,1236,830,373,1371,1068,1484
62122,Commune,Trooz,8200,4055,4145,49.45,50.55,839,328,1332,841,715,861,295,1392,822,775
63000,Arrondissement,Verviers,291525,143980,147545,49.39,50.61,30255,12326,44034,29889,27476,28949,11941,43733,30042,32880
63001,Commune,Amblève,5608,2857,2751,50.95,49.05,564,224,867,652,550,533,207,808,640,563
63003,Commune,Aubel,4288,2126,2162,49.58,50.42,403,214,591,449,469,357,160,578,495,572
63004,Commune,Baelen,4529,2278,2251,50.3,49.7,459,201,700,488,430,433,151,710,509,448
63012,Commune,Bullange,5533,2856,2677,51.62,48.38,555,227,818,648,608,465,222,721,619,650
63013,Commune,Butgenbach,5586,2802,2784,50.16,49.84,490,228,835,649,600,511,189,780,611,693
63020,Commune,Dison,15226,7531,7695,49.46,50.54,1973,749,2390,1369,1050,1848,735,2426,1408,1278
63023,Commune,Eupen,20053,9783,10270,48.79,51.21,1957,826,3015,2099,1886,1961,806,2979,2152,2372
63035,Commune,Herve,17784,8744,9040,49.17,50.83,1754,727,2737,1787,1739,1697,733,2698,1803,2109
63038,Commune,Jalhay,8770,4370,4400,49.83,50.17,805,366,1315,929,955,788,348,1266,940,1058
63040,Commune,La Calamine,11338,5512,5826,48.62,51.38,1150,402,1535,1281,1144,1129,383,1613,1325,1376
63045,Commune,Lierneux,3611,1837,1774,50.87,49.13,327,141,613,426,330,347,132,560,385,350
63046,Commune,Limbourg,5689,2806,2883,49.32,50.68,552,248,878,570,558,576,238,848,586,635
63048,Commune,Lontzen,6092,3055,3037,50.15,49.85,673,251,941,639,551,633,206,925,653,620
63049,Commune,Malmedy,12991,6300,6691,48.5,51.5,1201,541,1949,1324,1285,1161,508,1933,1391,1698
63057,Commune,Olne,4172,2083,2089,49.93,50.07,417,169,640,452,405,362,180,656,434,457
63058,Commune,Pepinster,9294,4616,4678,49.67,50.33,987,458,1444,950,777,924,432,1431,917,974
63061,Commune,Raeren,11185,5538,5647,49.51,50.49,1180,389,1509,1302,1158,1082,385,1568,1330,1282
63067,Commune,Saint-Vith,10180,5081,5099,49.91,50.09,1006,359,1651,1098,967,965,369,1565,1087,1113
63072,Commune,Spa,9806,4719,5087,48.12,51.88,832,375,1380,967,1165,761,412,1318,1020,1576
63073,Commune,Stavelot,7279,3667,3612,50.38,49.62,744,322,1147,725,729,687,260,1116,705,844
63075,Commune,Stoumont,3233,1627,1606,50.32,49.68,326,127,471,365,338,297,129,507,334,339
63076,Commune,Theux,12144,5968,6176,49.14,50.86,1073,585,1775,1360,1175,1126,518,1788,1334,1410
63079,Commune,Verviers,56127,27407,28720,48.83,51.17,6607,2498,8659,4991,4652,6271,2689,8668,4998,6094
63080,Commune,Waimes,7560,3840,3720,50.79,49.21,784,311,1173,832,740,700,289,1136,776,819
63084,Commune,Welkenraedt,10521,5159,5362,49.04,50.96,1131,461,1590,997,980,1046,401,1659,1080,1176
63086,Commune,Trois-Ponts,2566,1290,1276,50.27,49.73,226,119,384,296,265,238,91,361,292,294
63087,Commune,Burg-Reuland,3962,2013,1949,50.81,49.19,380,167,585,490,391,378,143,591,448,389
63088,Commune,Plombières,10814,5343,5471,49.41,50.59,1128,399,1613,1158,1045,1112,393,1668,1174,1124
63089,Commune,Thimister-Clermont,5584,2772,2812,49.64,50.36,571,242,829,596,534,561,232,856,596,567
64000,Arrondissement,Waremme,84132,41216,42916,48.99,51.01,8304,3614,12941,8871,7486,7944,3338,13305,8940,9389
64008,Commune,Berloz,3394,1713,1681,50.47,49.53,389,148,560,364,252,343,129,578,369,262
64015,Commune,Braives,6476,3238,3238,50,50,721,268,1030,703,516,650,248,1024,667,649
64021,Commune,Crisnée,3573,1777,1796,49.73,50.27,302,168,525,432,350,300,149,559,385,403
64023,Commune,Donceel,3128,1533,1595,49.01,50.99,288,123,490,363,269,303,118,522,360,292
64025,Commune,Fexhe-le-Haut-Clocher,3399,1703,1696,50.1,49.9,365,122,550,350,316,334,119,559,318,366
64029,Commune,Geer,3571,1781,1790,49.87,50.13,367,170,587,384,273,362,149,587,395,297
64034,Commune,Hannut,17202,8341,8861,48.49,51.51,1672,782,2545,1759,1583,1557,708,2688,1826,2082
64047,Commune,Lincent,3375,1655,1720,49.04,50.96,314,155,514,357,315,341,136,518,366,359
64056,Commune,Oreye,4062,1992,2070,49.04,50.96,397,179,647,431,338,420,174,651,423,402
64063,Commune,Remicourt,6023,2922,3101,48.51,51.49,581,247,953,632,509,597,250,990,644,620
64065,Commune,Saint-Georges-sur-Meuse,7184,3529,3655,49.12,50.88,733,269,1156,772,599,724,243,1186,731,771
64074,Commune,Waremme,15366,7308,8058,47.56,52.44,1371,629,2207,1540,1561,1306,617,2250,1706,2179
64075,Commune,Wasseiges,3187,1586,1601,49.76,50.24,364,139,523,315,245,327,119,542,316,297
64076,Commune,Faimes,4192,2138,2054,51,49,440,215,654,469,360,380,179,651,434,410
80000,Province,Luxembourg,296008,147452,148556,49.81,50.19,31072,13392,48539,29681,24768,29703,12591,47164,28960,30138
81000,Arrondissement,Arlon,65902,32833,33069,49.82,50.18,6805,2998,11863,6567,4600,6632,2823,11286,6349,5979
81001,Commune,Arlon,31492,15725,15767,49.93,50.07,3095,1413,5967,3021,2229,3011,1337,5536,2947,2936
81003,Commune,Attert,5788,2901,2887,50.12,49.88,639,289,927,631,415,655,264,930,579,459
81004,Commune,Aubange,17871,8859,9012,49.57,50.43,1877,853,3110,1848,1171,1842,806,2960,1800,1604
81013,Commune,Martelange,2124,1078,1046,50.75,49.25,244,97,407,212,118,250,82,382,182,150
81015,Commune,Messancy,8627,4270,4357,49.5,50.5,950,346,1452,855,667,874,334,1478,841,830
82000,Arrondissement,Bastogne,51132,25626,25506,50.12,49.88,5607,2303,8642,5059,4015,5348,2208,8285,4842,4823
82009,Commune,Fauvillers,2512,1246,1266,49.6,50.4,303,99,404,270,170,308,122,417,236,183
82014,Commune,Houffalize,5336,2754,2582,51.61,48.39,588,212,907,549,498,530,163,829,507,553
82032,Commune,Vielsalm,7853,3949,3904,50.29,49.71,767,362,1248,816,756,723,328,1183,782,888
82036,Commune,Vaux-sur-Sûre,6352,3166,3186,49.84,50.16,760,299,1122,595,390,745,284,1118,571,468
82037,Commune,Gouvy,5452,2742,2710,50.29,49.71,571,275,862,575,459,541,244,861,526,538
82038,Commune,Sainte-Ode,2687,1353,1334,50.35,49.65,333,105,418,281,216,274,122,407,248,283
82039,Commune,Bastogne,20940,10416,10524,49.74,50.26,2285,951,3681,1973,1526,2227,945,3470,1972,1910
83000,Arrondissement,Marche-en-Famenne,57633,28753,28880,49.89,50.11,5810,2459,8718,6049,5717,5243,2330,8638,6020,6649
83012,Commune,Durbuy,11511,5710,5801,49.6,50.4,1060,460,1626,1296,1268,969,452,1672,1289,1419
83013,Commune,Érezée,3356,1685,1671,50.21,49.79,312,109,508,370,386,289,117,459,392,414
83028,Commune,Hotton,5682,2794,2888,49.17,50.83,596,250,864,567,517,544,253,873,567,651
83031,Commune,La Roche-en-Ardenne,4067,2046,2021,50.31,49.69,342,162,570,507,465,348,164,563,450,496
83034,Commune,Marche-en-Famenne,17946,8830,9116,49.2,50.8,1745,861,2802,1751,1671,1631,787,2725,1848,2125
83040,Commune,Nassogne,5716,2946,2770,51.54,48.46,690,249,906,570,531,540,224,869,551,586
83044,Commune,Rendeux,2717,1383,1334,50.9,49.1,318,111,399,297,258,273,78,418,275,290
83049,Commune,Tenneville,2876,1429,1447,49.69,50.31,298,110,450,283,288,295,118,449,279,306
83055,Commune,Manhay,3762,1930,1832,51.3,48.7,449,147,593,408,333,354,137,610,369,362
84000,Arrondissement,Neufchâteau,66132,33032,33100,49.95,50.05,7136,3002,10554,6505,5835,6842,2742,10351,6287,6878
84009,Commune,Bertrix,9057,4478,4579,49.44,50.56,922,458,1433,840,825,893,407,1386,890,1003
84010,Commune,Bouillon,5351,2676,2675,50.01,49.99,510,188,763,573,642,457,185,700,531,802
84016,Commune,Daverdisse,1416,723,693,51.06,48.94,153,56,203,150,161,133,62,184,139,175
84029,Commune,Herbeumont,1743,901,842,51.69,48.31,194,68,270,202,167,170,73,258,155,186
84033,Commune,Léglise,5868,3014,2854,51.36,48.64,767,282,1030,590,345,722,245,1032,506,349
84035,Commune,Libin,5367,2665,2702,49.66,50.34,572,222,837,548,486,582,213,854,526,527
84043,Commune,Neufchâteau,8350,4187,4163,50.14,49.86,980,385,1458,766,598,978,337,1422,719,707
84050,Commune,Paliseul,5530,2750,2780,49.73,50.27,579,244,861,540,526,578,205,875,527,595
84059,Commune,Saint-Hubert,5691,2825,2866,49.64,50.36,608,230,852,587,548,577,200,849,582,658
84068,Commune,Tellin,2519,1242,1277,49.31,50.69,255,115,390,261,221,249,112,379,258,279
84075,Commune,Wellin,3207,1578,1629,49.2,50.8,316,144,464,310,344,282,149,478,314,406
84077,Commune,Libramont-Chevigny,12033,5993,6040,49.8,50.2,1280,610,1993,1138,972,1221,554,1934,1140,1191
85000,Arrondissement,Virton,55209,27208,28001,49.28,50.72,5714,2630,8762,5501,4601,5638,2488,8604,5462,5809
85007,Commune,Chiny,5265,2607,2658,49.52,50.48,520,228,831,554,474,538,221,790,548,561
85009,Commune,Étalle,6035,3001,3034,49.73,50.27,613,315,983,656,434,600,310,991,639,494
85011,Commune,Florenville,5705,2779,2926,48.71,51.29,523,222,766,579,689,501,222,751,590,862
85024,Commune,Meix-devant-Virton,2849,1402,1447,49.21,50.79,296,121,423,296,266,303,116,425,268,335
85026,Commune,Musson,4708,2302,2406,48.9,51.1,512,216,734,490,350,529,214,771,474,418
85034,Commune,Saint-Léger,3809,1890,1919,49.62,50.38,417,188,673,342,270,424,160,625,373,337
85039,Commune,Tintigny,4593,2318,2275,50.47,49.53,552,227,797,420,322,458,201,798,406,412
85045,Commune,Virton,11466,5608,5858,48.91,51.09,1132,578,1802,1078,1018,1116,521,1722,1126,1373
85046,Commune,Habay,8668,4270,4398,49.26,50.74,929,428,1460,866,587,942,433,1431,826,766
85047,Commune,Rouvroy,2111,1031,1080,48.84,51.16,220,107,293,220,191,227,90,300,212,251
90000,Province,Namur,505348,248461,256887,49.17,50.83,49937,22111,80019,50422,45972,47268,21182,79447,51402,57588
91000,Arrondissement,Dinant,113374,56107,57267,49.49,50.51,11265,4731,17313,11853,10945,10635,4485,17157,11783,13207
91005,Commune,Anhée,7109,3522,3587,49.54,50.46,727,274,1128,711,682,673,265,1099,719,831
91013,Commune,Beauraing,9496,4651,4845,48.98,51.02,969,431,1385,939,927,925,413,1366,973,1168
91015,Commune,Bièvre,3467,1729,1738,49.87,50.13,360,148,510,372,339,358,126,517,328,409
91030,Commune,Ciney,17220,8326,8894,48.35,51.65,1692,740,2758,1608,1528,1557,739,2816,1697,2085
91034,Commune,Dinant,13261,6504,6757,49.05,50.95,1198,566,2009,1416,1315,1128,563,1892,1397,1777
91054,Commune,Gedinne,4661,2323,2338,49.84,50.16,444,210,600,535,534,427,178,644,512,577
91059,Commune,Hamois,7438,3694,3744,49.66,50.34,858,319,1215,713,589,811,288,1254,707,684
91064,Commune,Havelange,5461,2671,2790,48.91,51.09,595,227,861,531,457,547,239,889,536,579
91072,Commune,Houyet,5215,2544,2671,48.78,51.22,526,199,819,533,467,546,178,833,548,566
91103,Commune,Onhaye,3243,1620,1623,49.95,50.05,322,132,499,329,338,316,129,491,353,334
91114,Commune,Rochefort,12772,6304,6468,49.36,50.64,1302,559,1960,1295,1188,1207,548,1934,1309,1470
91120,Commune,Somme-Leuze,6191,3116,3075,50.33,49.67,661,240,1022,672,521,621,222,1005,651,576
91141,Commune,Yvoir,9210,4625,4585,50.22,49.78,937,378,1395,1046,869,882,341,1394,1001,967
91142,Commune,Hastière,6081,3137,2944,51.59,48.41,490,205,833,788,821,481,173,752,727,811
91143,Commune,Vresse-sur-Semois,2549,1341,1208,52.61,47.39,184,103,319,365,370,156,83,271,325,373
92000,Arrondissement,Namur,325141,159292,165849,48.99,51.01,32375,14605,52738,31182,28392,30757,13994,52486,32307,36305
92003,Commune,Andenne,28231,13832,14399,49,51,2895,1198,4571,2737,2431,2705,1175,4684,2749,3086
92006,Commune,Assesse,7343,3667,3676,49.94,50.06,818,301,1192,734,622,799,307,1211,693,666
92035,Commune,Éghezée,16954,8353,8601,49.27,50.73,1794,760,2671,1650,1478,1719,676,2689,1700,1817
92045,Commune,Floreffe,8083,3990,4093,49.36,50.64,828,355,1260,837,710,802,328,1273,857,833
92048,Commune,Fosses-la-Ville,10436,5152,5284,49.37,50.63,1041,468,1667,1092,884,971,468,1685,1091,1069
92054,Commune,Gesves,7445,3706,3739,49.78,50.22,797,345,1150,764,650,758,303,1213,763,702
92087,Commune,Mettet,13613,6668,6945,48.98,51.02,1308,552,2154,1485,1169,1340,548,2196,1432,1429
92094,Commune,Namur,115029,55973,59056,48.66,51.34,10780,5472,19183,10165,10373,10226,5354,18418,10929,14129
92097,Commune,Ohey,5316,2678,2638,50.38,49.62,576,241,875,536,450,562,201,877,504,494
92101,Commune,Profondeville,12322,6042,6280,49.03,50.97,1154,515,1840,1356,1177,1088,519,1882,1379,1412
92114,Commune,Sombreffe,8384,4103,4281,48.94,51.06,862,371,1273,907,690,876,337,1321,910,837
92137,Commune,Sambreville,28638,13880,14758,48.47,51.53,2863,1242,4568,2785,2422,2743,1149,4546,2938,3382
92138,Commune,Fernelmont,8175,4048,4127,49.52,50.48,891,345,1360,776,676,808,340,1398,804,777
92140,Commune,Jemeppe-sur-Sambre,19225,9560,9665,49.73,50.27,2005,871,3047,2057,1580,1832,768,3090,2091,1884
92141,Commune,La Bruyère,9397,4567,4830,48.6,51.4,1011,393,1442,917,804,991,415,1500,964,960
92142,Commune,Gembloux,26550,13073,13477,49.24,50.76,2752,1176,4485,2384,2276,2537,1106,4503,2503,2828
93000,Arrondissement,Philippeville,66833,33062,33771,49.47,50.53,6297,2775,9968,7387,6635,5876,2703,9804,7312,8076
93010,Commune,Cerfontaine,4989,2514,2475,50.39,49.61,499,211,771,578,455,431,220,762,538,524
93014,Commune,Couvin,13919,6837,7082,49.12,50.88,1302,562,2030,1507,1436,1198,576,1958,1540,1810
93018,Commune,Doische,2973,1474,1499,49.58,50.42,257,123,433,351,310,265,106,433,344,351
93022,Commune,Florennes,11394,5669,5725,49.75,50.25,1188,486,1779,1180,1036,1050,488,1748,1161,1278
93056,Commune,Philippeville,9589,4777,4812,49.82,50.18,931,412,1382,1095,957,851,360,1398,1056,1147
93088,Commune,Walcourt,18353,9024,9329,49.17,50.83,1636,778,2759,2025,1826,1642,761,2725,2043,2158
93090,Commune,Viroinval,5616,2767,2849,49.27,50.73,484,203,814,651,615,439,192,780,630,808
100001,Bassin,Bassin du Brabant wallon,415381,201342,214039,48.47,51.53,41341,18667,61979,41116,38239,39871,17580,63881,43167,49540
100003,Bassin,Bassin de Hainaut Centre,528390,256886,271504,48.62,51.38,53876,22780,83858,51996,44376,50993,21909,83904,53440,61258
100004,Bassin,Bassin de Hainaut Sud,532061,260346,271715,48.93,51.07,55494,23236,83106,52271,46239,53093,22114,82100,53504,60904
100005,Bassin,Bassin de Wallonie picarde,357343,175551,181792,49.13,50.87,35453,15704,56018,36728,31648,33830,14770,54697,36475,42020
100006,Bassin,Bassin de Huy-Waremme,200377,98410,101967,49.11,50.89,20041,8545,31328,20713,17783,19127,8119,31655,20990,22076
100007,Bassin,Bassin de Liège,631023,308349,322674,48.86,51.14,63982,27000,102161,59566,55640,61390,26562,102625,60293,71804
100008,Bassin,Bassin de Verviers,211988,104483,107505,49.29,50.71,22300,9253,32278,21031,19621,21292,9031,32183,21177,23822
100009,Bassin,Bassin du Luxembourg,296008,147452,148556,49.81,50.19,31072,13392,48539,29681,24768,29703,12591,47164,28960,30138
100010,Bassin,Bassin de Namur,452882,222542,230340,49.14,50.86,45085,19945,72263,44566,40683,42707,19073,71824,45595,51141
100012,Bassin,Communauté germanophone,79537,39497,40040,49.66,50.34,7955,3073,11756,8858,7855,7657,2910,11550,8865,9058
115267,Zone de police,5267 ZP NIVELLES - GENAPPE,45589,21968,23621,48.19,51.81,4421,1861,7208,4320,4158,4301,1804,7409,4573,5534
115268,Zone de police,5268 ZP OUEST BRABANT WALLON,57502,28079,29423,48.83,51.17,6166,2460,8735,5862,4856,6049,2320,9076,5818,6160
115269,Zone de police,5269 ZP LA MAZERINE,44709,21497,23212,48.08,51.92,4381,2021,5707,4657,4731,4085,1982,6167,5012,5966
115270,Zone de police,5270 ZP ORNE - THYLE,45806,22535,23271,49.2,50.8,4856,2157,7179,4568,3775,4659,1935,7333,4645,4699
115271,Zone de police,5271 ZP WAVRE,35581,17198,18383,48.33,51.67,3401,1666,5333,3355,3443,3231,1440,5364,3680,4668
115272,Zone de police,5272 ZP ARDENNES BRABANCONNES,38808,19013,19795,48.99,51.01,3884,1680,5517,4193,3739,3822,1600,5750,4261,4362
115273,Zone de police,5273 ZP DE BRAINE-L'ALLEUD,40756,19554,21202,47.98,52.02,3854,1820,6002,4034,3844,3774,1712,6290,4336,5090
115274,Zone de police,5274 ZP DE WATERLOO,30389,14373,16016,47.3,52.7,2949,1348,3901,2986,3189,2785,1269,4265,3243,4454
115275,Zone de police,5275 ZP OTTIGNIES - LOUVAIN-LA-NEUVE,31766,15336,16430,48.28,51.72,2743,1743,5380,2704,2766,2657,1726,5169,3000,3878
115276,Zone de police,5276 ZP DE JODOIGNE,44475,21789,22686,48.99,51.01,4686,1911,7017,4437,3738,4508,1792,7058,4599,4729
115277,Zone de police,5277 ZP LOCALE DE LIEGE,197323,98008,99315,49.67,50.33,19130,8856,36853,17912,15257,18328,9105,34633,16935,20314
115278,Zone de police,5278 ZP DE SERAING - NEUPRE,74561,36202,38359,48.55,51.45,8173,3262,11260,7074,6433,7750,3123,11638,7383,8465
115279,Zone de police,5279 ZP HERSTAL,40834,19791,21043,48.47,51.53,4582,1760,6310,3806,3333,4466,1731,6551,3918,4377
115280,Zone de police,5280 ZP BEYNE-FLERON-SOUMAGNE,45616,21892,23724,47.99,52.01,4312,2005,6649,4442,4484,4280,1879,6987,4734,5844
115281,Zone de police,5281 ZP BASSE MEUSE,84205,41106,43099,48.82,51.18,8311,3374,12689,8419,8313,7947,3446,13023,8644,10039
115282,Zone de police,5282 ZP FLEMALLE,27045,13063,13982,48.3,51.7,2934,1074,4145,2600,2310,2787,1034,4443,2674,3044
115283,Zone de police,5283 ZP SECOVA,69657,33886,35771,48.65,51.35,6376,2838,10403,6915,7354,6291,2648,10626,7202,9004
115284,Zone de police,5284 ZP ANS - ST-NICOLAS,53627,25711,27916,47.94,52.06,6014,2226,8081,4731,4659,5747,2128,8699,5043,6299
115285,Zone de police,5285 ZP AWANS/GRACE-HOLLOGNE,32789,16091,16698,49.07,50.93,3601,1363,5006,3120,3001,3261,1230,5197,3209,3801
115286,Zone de police,5286 ZP HESBAYE,46708,22867,23841,48.96,51.04,4500,2001,7173,4965,4228,4345,1884,7347,5034,5231
115287,Zone de police,5287 ZP FAGNES,30720,15057,15663,49.01,50.99,2710,1326,4470,3256,3295,2675,1278,4372,3294,4044
115288,Zone de police,5288 ZP PAYS DE HERVE,63381,31311,32070,49.4,50.6,6415,2661,9578,6497,6160,6144,2488,9673,6677,7088
115289,Zone de police,5289 ZP VESDRE,80647,39554,41093,49.05,50.95,9567,3705,12493,7310,6479,9043,3856,12525,7323,8346
115290,Zone de police,5290 ZP STAVELOT-MALMEDY,37240,18561,18679,49.84,50.16,3608,1561,5737,3968,3687,3430,1409,5613,3883,4344
115291,Zone de police,5291 ZP EIFEL,30869,15609,15260,50.57,49.43,2995,1205,4756,3537,3116,2852,1130,4465,3405,3408
115292,Zone de police,5292 ZP WESER-GÖHL,48668,23888,24780,49.08,50.92,4960,1868,7000,5321,4739,4805,1780,7085,5460,5650
115293,Zone de police,5293 ZP HESBAYE OUEST,39173,19263,19910,49.17,50.83,4107,1670,6170,4044,3272,3888,1550,6321,4051,4100
115294,Zone de police,5294 ZP MEUSE-HESBAYE,53357,26264,27093,49.22,50.78,5553,2283,8526,5362,4540,5307,2126,8620,5476,5564
115295,Zone de police,5295 ZP HUY,21850,10563,11287,48.34,51.66,1982,998,3491,2129,1963,1924,991,3297,2254,2821
115296,Zone de police,5296 ZP DU CONDROZ,44655,22052,22603,49.38,50.62,4448,1835,6733,4760,4276,4196,1806,6898,4726,4977
115297,Zone de police,5297 ZP ARLON/ATTERT/HABAY/MARTELANGE,48072,23974,24098,49.87,50.13,4907,2227,8761,4730,3349,4858,2116,8279,4534,4311
115298,Zone de police,5298 ZP SUD-LUXEMBOURG,35015,17321,17694,49.47,50.53,3756,1603,5969,3535,2458,3669,1514,5834,3488,3189
115299,Zone de police,5299 ZP DE GAUME,38024,18746,19278,49.3,50.7,3856,1798,5895,3803,3394,3743,1681,5777,3789,4288
115300,Zone de police,5300 ZP FAMENNE-ARDENNE,76274,38198,38076,50.08,49.92,7736,3308,11735,7989,7430,7037,3065,11511,7835,8628
115301,Zone de police,5301 ZP CENTRE ARDENNE,58742,29375,29367,50.01,49.99,6708,2731,10106,5613,4217,6475,2609,9800,5392,5091
115302,Zone de police,5302 ZP SEMOIS ET LESSE,39881,19838,20043,49.74,50.26,4109,1725,6073,4011,3920,3921,1606,5963,3922,4631
115303,Zone de police,5303 ZP NAMUR,115029,55973,59056,48.66,51.34,10780,5472,19183,10165,10373,10226,5354,18418,10929,14129
115304,Zone de police,5304 ZP ORNEAU-MEHAIGNE,52901,25993,26908,49.14,50.86,5557,2329,8598,4951,4558,5247,2197,8692,5167,5605
115305,Zone de police,5305 ZP DES ARCHES,56510,27931,28579,49.43,50.57,5977,2430,9148,5547,4829,5632,2326,9383,5513,5725
115306,Zone de police,5306 ZP ENTRE SAMBRE ET MEUSE,44454,21852,22602,49.16,50.84,4331,1890,6921,4770,3940,4201,1863,7036,4759,4743
115307,Zone de police,5307 ZP SAMSOM,37022,17983,19039,48.57,51.43,3725,1613,5841,3692,3112,3619,1486,5867,3848,4219
115308,Zone de police,5308 ZP JEMEPPE S/SAMBRE,19225,9560,9665,49.73,50.27,2005,871,3047,2057,1580,1832,768,3090,2091,1884
115309,Zone de police,5309 ZP FLOWAL,29747,14693,15054,49.39,50.61,2824,1264,4538,3205,2862,2692,1249,4473,3204,3436
115310,Zone de police,5310 ZP HOUILLE-SEMOIS,20173,10044,10129,49.79,50.21,1957,892,2814,2211,2170,1866,800,2798,2138,2527
115311,Zone de police,5311 ZP DES 3 VALLEES,19535,9604,9931,49.16,50.84,1786,765,2844,2158,2051,1637,768,2738,2170,2618
115312,Zone de police,5312 ZP HAUTE-MEUSE,38904,19408,19496,49.89,50.11,3674,1555,5864,4290,4025,3480,1471,5628,4197,4720
115313,Zone de police,5313 ZP LESSE ET LHOMME,17987,8848,9139,49.19,50.81,1828,758,2779,1828,1655,1753,726,2767,1857,2036
115314,Zone de police,5314 ZP CONDROZ-FAMENNE,36310,17807,18503,49.04,50.96,3806,1526,5856,3524,3095,3536,1488,5964,3591,3924
115315,Zone de police,5315 ZP HERMETON ET HEURE,17551,8765,8786,49.94,50.06,1687,746,2586,2024,1722,1547,686,2593,1938,2022
115316,Zone de police,5316 ZP DU TOURNAISIS,90003,44468,45535,49.41,50.59,8276,4010,14471,9324,8387,7680,3737,13537,9264,11317
115317,Zone de police,5317 ZP DE MOUSCRON,60304,29405,30899,48.76,51.24,6736,2736,9297,5658,4978,6444,2656,9391,5520,6888
115318,Zone de police,5318 ZP COMINES-WARNETON,18337,8952,9385,48.82,51.18,1872,785,2801,1825,1669,1849,728,2699,1837,2272
115319,Zone de police,5319 ZP BELOEIL / LEUZE -Ht,28432,13924,14508,48.97,51.03,2762,1167,4591,2998,2406,2627,1188,4567,2937,3189
115320,Zone de police,5320 ZP ZONE DU VAL DE L'ESCAUT,26390,13067,13323,49.51,50.49,2726,1191,4069,2796,2285,2621,1059,4120,2710,2813
115321,Zone de police,5321 ZP BERNISSART/PERUWELZ,29244,14327,14917,48.99,51.01,2875,1274,4688,2998,2492,2800,1169,4652,3017,3279
115322,Zone de police,5322 ZP VILLE ATH,30123,14582,15541,48.41,51.59,2735,1364,4634,3076,2773,2531,1296,4552,3348,3814
115323,Zone de police,5323 ZP DES COLLINES,40498,20069,20429,49.56,50.44,3996,1622,6257,4475,3719,3969,1549,5970,4242,4699
115324,Zone de police,5324 ZP MONS - QUEVY,105314,51628,53686,49.02,50.98,10301,4631,18039,10321,8336,9650,4685,17191,10082,12078
115325,Zone de police,5325 ZP LA LOUVIERE,81674,39827,41847,48.76,51.24,8695,3597,12790,7874,6871,8081,3394,12610,8417,9345
115326,Zone de police,5326 ZP DE SYLLE ET DENDRE,49601,24369,25232,49.13,50.87,5069,2161,7637,5221,4281,4844,2002,7706,5266,5414
115327,Zone de police,5327 ZP BORAINE,105622,50753,54869,48.05,51.95,10942,4602,16382,9955,8872,10642,4277,16631,10633,12686
115328,Zone de police,5328 ZP HAUTE SENNE,73184,35774,37410,48.88,51.12,7569,3218,11307,7514,6166,7020,3017,11762,7495,8116
115329,Zone de police,5329 ZP DES HAUTS-PAYS,35300,17143,18157,48.56,51.44,3486,1472,5493,3584,3108,3384,1458,5508,3680,4127
115330,Zone de police,5330 ZP CHARLEROI,205763,101293,104470,49.23,50.77,23182,9484,33591,19369,15667,22146,9096,32413,19252,21563
115331,Zone de police,5331 ZP AISEAU-PRESLES/CHATELET/FARCIENNES,58406,28225,30181,48.33,51.67,6267,2601,9023,5487,4847,6150,2464,9179,5844,6544
115332,Zone de police,5332 ZP ANDERLUES/BINCHE,46739,22598,24141,48.35,51.65,4606,1868,7442,4583,4099,4433,1838,7488,4705,5677
115333,Zone de police,5333 ZP LERMES,28025,13806,14219,49.26,50.74,2767,1247,4339,2977,2476,2676,1150,4273,2924,3196
115334,Zone de police,5334 ZP BOTTE DU HAINAUT,30911,15363,15548,49.7,50.3,3069,1417,4541,3280,3056,2876,1259,4342,3258,3813
115335,Zone de police,5335 ZP MARIEMONT,69976,34065,35911,48.68,51.32,7256,2960,10964,6916,5969,6786,2783,11102,7139,8101
115336,Zone de police,5336 ZP DES TRIEUX,49421,23967,25454,48.5,51.5,5176,2088,7902,4678,4123,4916,1978,7931,5135,5494
115337,Zone de police,5337 ZP FLEURUS/LES BONS VILLERS/PONT-A-CELLES,50289,24414,25875,48.55,51.45,5124,2039,7778,4919,4554,4795,1998,8037,5231,5814
115338,Zone de police,5338 ZP GERMINALT,51772,24845,26927,47.99,52.01,4484,2020,7190,5311,5840,4435,1903,7417,5676,7496
150000,Zone de secours,ZS BRABANT WALLON,415381,201342,214039,48.47,51.53,41341,18667,61979,41116,38239,39871,17580,63881,43167,49540
150001,Zone de secours,ZS DG,79537,39497,40040,49.66,50.34,7955,3073,11756,8858,7855,7657,2910,11550,8865,9058
150002,Zone de secours,ZS DINAPHI,180207,89169,91038,49.48,50.52,17562,7506,27281,19240,17580,16511,7188,26961,19095,21283
150003,Zone de secours,ZS HAINAUT-CENTRE,562402,273643,288759,48.66,51.34,57351,24335,89068,55574,47315,54302,23297,89113,57040,65007
150004,Zone de secours,ZS HAINAUT-EST,479595,234427,245168,48.88,51.12,50642,21070,75350,46415,40950,48532,20005,74477,47697,54457
150005,Zone de secours,ZS HEMECO,107472,52756,54716,49.09,50.91,10747,4573,16782,10962,9692,10272,4436,16800,11149,12059
150006,Zone de secours,ZS HESBAYE,77724,38064,39660,48.97,51.03,7724,3383,11966,8143,6848,7391,3131,12260,8328,8550
150007,Zone de secours,ZS IILE-SRI,571309,279296,292013,48.89,51.11,58411,24416,93176,53571,49722,55721,24112,93316,54106,64758
150008,Zone de secours,ZS LUXEMBOURG,296008,147452,148556,49.81,50.19,31072,13392,48539,29681,24768,29703,12591,47164,28960,30138
150009,Zone de secours,ZS NAGE,236762,115939,120823,48.97,51.03,23468,10746,38769,22019,20937,22193,10396,38375,22988,26871
150010,Zone de secours,ZS VAL DE SAMBRE,88379,43353,45026,49.05,50.95,8907,3859,13969,9163,7455,8564,3598,14111,9319,9434
150011,Zone de secours,ZS VESDRE-HOËGNE et PLATEAU,236674,116157,120517,49.08,50.92,24596,10297,36035,23381,21848,23803,10131,36405,23664,26514
150012,Zone de secours,ZS WALLONIE PICARDE,323331,158794,164537,49.11,50.89,31978,14149,50808,33150,28709,30521,13382,49488,32875,38271
150013,Zone de secours,ZS WARCHE AMBLÈVE LIENNE,50209,24969,25240,49.73,50.27,4845,2129,7808,5253,4934,4622,1902,7682,5213,5821
